{"DefaultTint":{"r":0.6000000238418579,"g":0.6000000238418579,"b":0.699999988079071,"a":0.699999988079071},"FoldersData":{"Keys":["00000000000000001000000000000000","f6909d294647c6b499eedd8b089b3e6a","1e0b450eaae411b47ab05a5f42f9c401","6158cd65950d71040bdd160bca1efd02"],"Values":[{"_guid":"00000000000000001000000000000000","_color":{"r":1.0,"g":1.0,"b":1.0,"a":0.0},"_recursive":true},{"_guid":"f6909d294647c6b499eedd8b089b3e6a","_color":{"r":0.0,"g":0.0,"b":0.0,"a":0.699999988079071},"_recursive":true},{"_guid":"1e0b450eaae411b47ab05a5f42f9c401","_color":{"r":1.0,"g":0.11599038541316986,"b":0.0,"a":1.0},"_recursive":true},{"_guid":"6158cd65950d71040bdd160bca1efd02","_color":{"r":0.0,"g":0.8122332096099854,"b":1.0,"a":0.699999988079071},"_recursive":true}]}}